<?xml version="1.0" encoding="UTF-8"?>
<beans xmlns="http://www.springframework.org/schema/beans"
	xmlns:xsi="http://www.w3.org/2001/XMLSchema-instance"
	xsi:schemaLocation="http://www.springframework.org/schema/beans
		http://www.springframework.org/schema/beans/spring-beans.xsd
		http://www.springframework.org/schema/context
		http://www.springframework.org/schema/context/spring-context.xsd
		http://www.springframework.org/schema/tx
		http://www.springframework.org/schema/tx/spring-tx.xsd"
	   xmlns:context="http://www.springframework.org/schema/context"
	xmlns:tx="http://www.springframework.org/schema/tx">
	

<bean id="x" class="com.xyz.Car" scope="singleton">
<property name="engine" ref="y"/>
</bean>

<bean id="y" class="com.xyz.Engine">
<property name="piston" ref="z"/>
</bean>

<bean id="z" class="com.xyz.Piston">
</bean>

</beans>
